venda_id,data_venda,cliente_id,produto,quantidade,valor_unitario
1,2025-02-16,837,Monitor,4,2666.58
2,2025-01-02,321,Impressora,5,480.71
3,2025-02-04,256,Fone de Ouvido,5,941.84
4,2025-01-31,818,Tablet,1,1195.82
5,2025-02-04,278,Mouse,4,4242.7
6,2025-03-01,59,Tablet,2,2435.03
7,2025-02-20,17,Tablet,1,119.4
8,2025-01-29,308,Tablet,3,3068.01
9,2025-01-16,658,Teclado,4,1757.96
10,2025-01-16,188,Teclado,4,1757.96
11,2025-01-03,860,Teclado,3,1748.32
12,2025-02-27,963,Celular,2,3324.36
13,2025-01-27,879,Tablet,4,4583.67
14,2025-02-21,415,Notebook,4,2682.12
15,2025-01-12,856,Tablet,2,4960.9
16,2025-01-02,321,Tablet,3,4410.61
17,2025-01-28,804,Notebook,4,3831.37
18,2025-01-03,896,Teclado,3,1748.32
19,2025-01-17,435,Fone de Ouvido,1,1021.43
20,2025-01-30,380,Fone de Ouvido,2,2157.36
21,2025-01-28,460,Notebook,4,3831.37
22,2025-02-27,90,Notebook,1,2755.59
23,2025-01-29,450,Teclado,4,265.91
24,2025-03-01,368,Tablet,2,2435.03
25,2025-01-04,547,Tablet,4,3969.83
26,2025-01-22,844,Monitor,3,1476.67
27,2025-02-26,707,Mouse,1,3163.66
28,2025-01-12,228,Tablet,2,4960.9
29,2025-02-14,886,Celular,2,3166.79
30,2025-01-07,133,Teclado,4,71.89
31,2025-01-21,805,Impressora,5,1481.28
32,2025-02-03,241,Fone de Ouvido,2,1439.79
33,2025-02-12,886,Celular,1,1379.42
34,2025-02-03,717,Impressora,5,2297.59
35,2025-01-29,729,Teclado,4,265.91
36,2025-01-14,765,Monitor,1,4757.88
37,2025-02-04,688,Fone de Ouvido,5,941.84
38,2025-02-17,33,Impressora,4,4767.45
39,2025-02-17,715,Impressora,4,4767.45
40,2025-01-13,317,Monitor,4,2247.9
41,2025-02-17,881,Impressora,4,4767.45
42,2025-01-23,74,Celular,4,4290.85
43,2025-01-08,931,Celular,3,4192.5
44,2025-02-27,305,Notebook,1,2755.59
45,2025-02-21,949,Notebook,4,2682.12
46,2025-01-23,965,Celular,4,4290.85
47,2025-02-19,377,Teclado,5,329.01
48,2025-03-01,541,Tablet,2,2435.03
49,2025-01-06,74,Fone de Ouvido,1,4262.33
50,2025-01-29,136,Celular,1,284.68
51,2025-01-03,830,Impressora,1,4177.95
52,2025-01-22,85,Notebook,4,4349.62
53,2025-02-14,304,Celular,2,3166.79
54,2025-01-29,617,Teclado,4,265.91
55,2025-02-16,182,Impressora,1,3099.52
56,2025-01-05,929,Teclado,3,4029.29
57,2025-02-11,260,Mouse,3,3853.89
58,2025-01-02,931,Tablet,3,4410.61
59,2025-01-28,170,Notebook,4,3831.37
60,2025-01-24,492,Tablet,5,3342.96
61,2025-02-03,922,Impressora,5,2297.59
62,2025-01-29,414,Teclado,4,265.91
63,2025-01-25,497,Fone de Ouvido,1,3857.27
64,2025-02-02,119,Tablet,3,2513.17
65,2025-02-12,763,Impressora,2,4304.66
66,2025-01-13,411,Monitor,4,2247.9
67,2025-01-12,694,Impressora,4,1483.11
68,2025-02-10,726,Notebook,1,4740.51
69,2025-02-01,534,Tablet,5,866.08
70,2025-01-18,233,Impressora,2,797.36
71,2025-01-12,843,Mouse,2,4983.78
72,2025-01-22,796,Notebook,4,4349.62
73,2025-01-28,699,Notebook,4,3831.37
74,2025-02-26,8,Notebook,2,155.81
75,2025-02-20,992,Notebook,1,349.08
76,2025-01-22,574,Notebook,4,4349.62
77,2025-02-20,100,Notebook,1,349.08
78,2025-01-02,631,Impressora,5,480.71
79,2025-02-28,820,Fone de Ouvido,2,3909.59
80,2025-01-03,931,Impressora,1,4177.95
81,2025-02-11,431,Mouse,3,3853.89
82,2025-02-02,107,Tablet,3,2513.17
83,2025-01-08,53,Monitor,4,4707.03
84,2025-01-02,147,Celular,3,2059.08
85,2025-02-17,792,Impressora,4,4767.45
86,2025-02-27,388,Celular,2,3324.36
87,2025-02-16,892,Impressora,1,3099.52
88,2025-01-15,583,Fone de Ouvido,3,3441.19
89,2025-02-27,793,Monitor,4,1693.55
90,2025-02-04,308,Fone de Ouvido,5,941.84
91,2025-01-31,263,Tablet,1,1195.82
92,2025-02-10,382,Notebook,1,4740.51
93,2025-01-29,685,Tablet,3,3068.01
94,2025-02-17,344,Impressora,4,4767.45
95,2025-02-06,293,Notebook,3,693.85
96,2025-02-19,854,Tablet,3,3852.7
97,2025-01-14,527,Monitor,1,4757.88
98,2025-02-07,84,Tablet,2,1080.97
99,2025-01-02,86,Tablet,3,4410.61
100,2025-01-27,500,Tablet,4,4583.67
101,2025-02-15,41,Notebook,2,4580.01
102,2025-02-14,468,Celular,2,3166.79
103,2025-01-29,895,Teclado,4,265.91
104,2025-01-23,214,Teclado,3,4585.61
105,2025-01-15,796,Impressora,3,2302.75
106,2025-02-04,811,Fone de Ouvido,5,941.84
107,2025-02-20,562,Impressora,3,3259.78
108,2025-02-17,199,Teclado,2,737.07
109,2025-02-14,657,Celular,2,3166.79
110,2025-01-25,273,Fone de Ouvido,1,3857.27
111,2025-01-05,109,Teclado,3,4029.29
112,2025-01-03,719,Teclado,3,1748.32
113,2025-02-28,576,Tablet,4,1925.7
114,2025-02-12,382,Impressora,2,4304.66
115,2025-01-03,488,Teclado,3,1748.32
116,2025-02-28,413,Fone de Ouvido,2,3909.59
117,2025-02-08,444,Notebook,1,3793.49
118,2025-02-01,800,Tablet,5,866.08
119,2025-02-12,722,Impressora,2,4304.66
120,2025-01-12,500,Impressora,4,1483.11
121,2025-01-12,930,Impressora,4,1483.11
122,2025-01-04,6,Tablet,4,3969.83
123,2025-02-18,782,Impressora,2,2709.75
124,2025-01-23,777,Teclado,3,4585.61
125,2025-02-22,705,Monitor,4,2415.0
126,2025-02-19,820,Teclado,5,329.01
127,2025-01-06,951,Fone de Ouvido,1,4262.33
128,2025-01-31,586,Tablet,1,1195.82
129,2025-01-24,517,Tablet,1,4533.21
130,2025-01-08,687,Monitor,4,4707.03
131,2025-01-04,839,Tablet,4,3969.83
132,2025-02-27,365,Monitor,4,1693.55
133,2025-02-07,256,Notebook,3,975.68
134,2025-02-17,172,Impressora,4,4767.45
135,2025-01-03,88,Teclado,3,1748.32
136,2025-02-05,794,Monitor,3,4449.49
137,2025-01-08,725,Impressora,2,4436.93
138,2025-02-02,342,Tablet,3,2513.17
139,2025-01-08,281,Fone de Ouvido,1,1897.76
140,2025-01-21,485,Impressora,5,1481.28
141,2025-01-12,157,Impressora,4,1483.11
142,2025-02-17,152,Teclado,2,737.07
143,2025-01-08,165,Impressora,2,4436.93
144,2025-01-13,604,Monitor,4,2247.9
145,2025-02-10,275,Notebook,1,4740.51
146,2025-02-21,282,Notebook,4,2682.12
147,2025-02-28,983,Tablet,4,1925.7
148,2025-02-18,792,Impressora,2,2709.75
149,2025-02-11,425,Mouse,3,3853.89
150,2025-02-16,636,Impressora,1,3099.52
151,2025-02-04,473,Fone de Ouvido,3,3464.06
152,2025-01-05,738,Teclado,3,4029.29
153,2025-01-28,201,Teclado,5,931.44
154,2025-02-04,458,Fone de Ouvido,5,941.84
155,2025-02-11,444,Mouse,3,3853.89
156,2025-02-12,877,Celular,1,1379.42
157,2025-02-23,688,Tablet,3,4388.76
158,2025-01-23,198,Celular,4,4290.85
159,2025-02-28,413,Fone de Ouvido,2,3909.59
160,2025-01-05,470,Tablet,3,2178.28
161,2025-02-16,619,Monitor,4,2666.58
162,2025-01-05,409,Tablet,3,2178.28
163,2025-01-22,87,Notebook,4,4349.62
164,2025-01-01,281,Mouse,1,1928.99
165,2025-02-07,52,Notebook,3,975.68
166,2025-02-04,965,Fone de Ouvido,5,941.84
167,2025-01-02,555,Tablet,1,3867.78
168,2025-01-15,803,Impressora,3,2302.75
169,2025-01-18,509,Impressora,2,797.36
170,2025-03-01,733,Tablet,2,4728.44
171,2025-02-07,356,Teclado,4,2271.8
172,2025-01-25,82,Fone de Ouvido,1,3857.27
173,2025-02-03,437,Fone de Ouvido,2,1439.79
174,2025-01-08,819,Fone de Ouvido,1,1897.76
175,2025-02-22,923,Monitor,4,2415.0
176,2025-02-15,957,Notebook,5,1671.7
177,2025-02-12,864,Celular,1,1379.42
178,2025-02-20,883,Impressora,3,3259.78
179,2025-02-17,34,Impressora,4,4767.45
180,2025-01-22,604,Celular,1,3648.49
181,2025-02-26,671,Notebook,2,155.81
182,2025-02-22,661,Monitor,4,2415.0
183,2025-02-22,182,Monitor,4,2415.0
184,2025-02-02,6,Tablet,3,2513.17
185,2025-01-24,17,Tablet,5,3342.96
186,2025-01-17,356,Fone de Ouvido,1,1021.43
187,2025-02-17,789,Impressora,4,4767.45
188,2025-01-16,795,Teclado,4,1757.96
189,2025-02-03,301,Impressora,5,2297.59
190,2025-02-14,368,Celular,2,3166.79
191,2025-02-17,24,Impressora,4,4767.45
192,2025-01-30,162,Celular,3,862.83
193,2025-02-28,812,Tablet,4,1925.7
194,2025-02-04,163,Fone de Ouvido,3,3464.06
195,2025-02-17,664,Impressora,4,4767.45
196,2025-02-23,592,Tablet,3,4388.76
197,2025-02-21,202,Notebook,4,2682.12
198,2025-02-20,900,Teclado,1,1757.54
199,2025-01-31,226,Tablet,1,1195.82
200,2025-02-04,47,Fone de Ouvido,3,3464.06
201,2025-01-05,891,Teclado,3,4029.29
202,2025-02-17,754,Impressora,4,4767.45
203,2025-02-05,948,Monitor,3,4449.49
204,2025-01-30,791,Celular,3,862.83
205,2025-01-23,886,Celular,4,4290.85
206,2025-02-02,363,Tablet,3,2513.17
207,2025-01-27,330,Tablet,4,4583.67
208,2025-01-28,781,Teclado,5,931.44
209,2025-02-03,78,Fone de Ouvido,2,1439.79
210,2025-02-07,937,Teclado,4,2271.8
211,2025-01-05,701,Tablet,3,2178.28
212,2025-01-03,379,Teclado,3,1748.32
213,2025-02-16,766,Monitor,4,2666.58
214,2025-02-17,223,Impressora,4,4767.45
215,2025-02-26,369,Mouse,1,3163.66
216,2025-02-16,925,Monitor,4,2666.58
217,2025-01-24,854,Tablet,1,4533.21
218,2025-01-29,686,Celular,1,284.68
219,2025-01-28,241,Notebook,4,3831.37
220,2025-02-21,185,Notebook,4,2682.12
221,2025-01-18,765,Monitor,5,716.76
222,2025-02-01,263,Tablet,5,866.08
223,2025-02-03,608,Fone de Ouvido,2,1439.79
224,2025-01-28,159,Notebook,4,3831.37
225,2025-01-28,328,Notebook,4,3831.37
226,2025-02-03,377,Impressora,5,2297.59
227,2025-02-20,622,Notebook,1,349.08
228,2025-01-29,155,Tablet,3,3068.01
229,2025-01-05,249,Tablet,3,2178.28
230,2025-01-30,408,Celular,3,862.83
231,2025-02-28,898,Tablet,4,1925.7
232,2025-01-05,650,Notebook,4,4476.56
233,2025-01-28,300,Notebook,4,3831.37
234,2025-01-02,922,Tablet,3,4410.61
235,2025-02-02,117,Tablet,3,2513.17
236,2025-02-11,170,Mouse,3,3853.89
237,2025-02-07,482,Teclado,4,2271.8
238,2025-02-20,775,Teclado,1,1757.54
239,2025-02-07,896,Teclado,4,2271.8
240,2025-01-23,44,Celular,5,664.94
241,2025-01-08,788,Celular,3,4192.5
242,2025-01-16,81,Teclado,4,1757.96
243,2025-01-18,108,Monitor,5,716.76
244,2025-01-28,418,Celular,1,4429.13
245,2025-01-30,666,Fone de Ouvido,2,2157.36
246,2025-01-27,152,Tablet,4,4583.67
247,2025-01-04,681,Notebook,3,1545.36
248,2025-01-06,29,Teclado,1,2750.62
249,2025-02-20,228,Teclado,1,1757.54
250,2025-01-08,867,Fone de Ouvido,1,1897.76
251,2025-02-08,544,Notebook,1,3793.49
252,2025-02-10,928,Tablet,5,4294.24
253,2025-01-30,225,Celular,3,862.83
254,2025-01-06,244,Fone de Ouvido,1,4262.33
255,2025-02-03,156,Fone de Ouvido,2,1439.79
256,2025-02-20,819,Teclado,1,1757.54
257,2025-01-14,913,Monitor,1,4757.88
258,2025-01-02,317,Impressora,5,480.71
259,2025-02-21,307,Notebook,4,2682.12
260,2025-03-02,903,Celular,3,2214.71
261,2025-02-03,40,Fone de Ouvido,2,1439.79
262,2025-01-18,453,Impressora,2,797.36
263,2025-01-05,522,Notebook,4,4476.56
264,2025-02-11,421,Mouse,3,3853.89
265,2025-01-25,702,Fone de Ouvido,1,875.4
266,2025-01-05,71,Notebook,4,4476.56
267,2025-03-02,593,Celular,3,2214.71
268,2025-01-05,165,Tablet,3,2178.28
269,2025-01-25,253,Fone de Ouvido,1,3857.27
270,2025-02-16,255,Monitor,4,2666.58
271,2025-01-04,919,Tablet,4,3969.83
272,2025-02-06,353,Notebook,3,693.85
273,2025-01-29,341,Celular,1,284.68
274,2025-02-07,620,Tablet,2,1080.97
275,2025-02-28,157,Tablet,4,1925.7
276,2025-02-08,791,Notebook,1,3793.49
277,2025-02-03,532,Impressora,5,2297.59
278,2025-01-22,460,Celular,1,3648.49
279,2025-02-14,647,Celular,2,3166.79
280,2025-01-12,216,Mouse,2,4983.78
281,2025-02-07,185,Notebook,3,975.68
282,2025-02-18,226,Notebook,2,3496.29
283,2025-01-01,15,Mouse,1,1928.99
284,2025-02-12,101,Celular,1,1379.42
285,2025-01-08,518,Impressora,2,4436.93
286,2025-02-19,130,Teclado,5,329.01
287,2025-02-10,608,Tablet,5,4294.24
288,2025-02-11,571,Mouse,3,3853.89
289,2025-01-29,985,Teclado,4,265.91
290,2025-01-28,161,Notebook,4,3831.37
291,2025-02-28,435,Tablet,4,1925.7
292,2025-02-27,637,Monitor,4,1693.55
293,2025-01-24,67,Tablet,1,4533.21
294,2025-01-04,168,Notebook,3,1545.36
295,2025-02-05,55,Monitor,3,4449.49
296,2025-02-07,624,Teclado,4,2271.8
297,2025-01-05,93,Teclado,3,4029.29
298,2025-01-08,502,Impressora,2,4436.93
299,2025-01-05,827,Notebook,4,4476.56
300,2025-02-27,369,Monitor,4,1693.55
301,2025-01-14,527,Monitor,1,4757.88
302,2025-02-21,668,Notebook,4,2682.12
303,2025-03-02,398,Celular,3,2214.71
304,2025-01-27,954,Tablet,4,4583.67
305,2025-02-20,629,Notebook,1,349.08
306,2025-01-04,641,Tablet,4,3969.83
307,2025-01-27,9,Tablet,4,4583.67
308,2025-01-16,475,Teclado,4,1757.96
309,2025-01-31,601,Tablet,1,1195.82
310,2025-01-18,82,Impressora,2,797.36
311,2025-01-30,681,Fone de Ouvido,2,2157.36
312,2025-01-24,946,Tablet,5,3342.96
313,2025-01-08,87,Impressora,2,4436.93
314,2025-02-14,785,Celular,2,3166.79
315,2025-01-08,111,Impressora,2,4436.93
316,2025-02-14,835,Teclado,1,3468.42
317,2025-01-02,226,Impressora,5,480.71
318,2025-01-03,54,Impressora,1,4177.95
319,2025-02-07,26,Tablet,2,1080.97
320,2025-02-15,624,Notebook,5,1671.7
321,2025-02-20,986,Notebook,1,349.08
322,2025-01-12,826,Impressora,4,1483.11
323,2025-01-14,753,Monitor,1,4757.88
324,2025-02-04,846,Mouse,4,4242.7
325,2025-01-23,959,Teclado,3,4585.61
326,2025-02-27,694,Celular,2,3324.36
327,2025-01-04,266,Tablet,4,3969.83
328,2025-01-23,742,Celular,5,664.94
329,2025-01-04,921,Tablet,4,3969.83
330,2025-02-16,116,Impressora,1,3099.52
331,2025-03-01,259,Tablet,2,2435.03
332,2025-02-27,494,Monitor,4,1693.55
333,2025-03-02,817,Celular,3,2214.71
334,2025-02-12,958,Impressora,2,4304.66
335,2025-02-19,974,Teclado,5,329.01
336,2025-01-25,38,Fone de Ouvido,1,875.4
337,2025-01-28,902,Celular,1,4429.13
338,2025-01-04,897,Tablet,4,3969.83
339,2025-02-27,466,Monitor,4,1693.55
340,2025-01-22,868,Monitor,3,1476.67
341,2025-02-03,102,Fone de Ouvido,2,1439.79
342,2025-01-08,635,Fone de Ouvido,1,1897.76
343,2025-01-12,77,Tablet,2,4960.9
344,2025-01-17,76,Fone de Ouvido,1,1021.43
345,2025-01-30,475,Fone de Ouvido,2,2157.36
346,2025-01-23,150,Celular,4,4290.85
347,2025-02-20,67,Notebook,1,349.08
348,2025-02-12,96,Impressora,2,4304.66
349,2025-02-04,673,Fone de Ouvido,3,3464.06
350,2025-02-04,44,Fone de Ouvido,3,3464.06
351,2025-01-06,267,Teclado,1,2750.62
352,2025-03-01,304,Tablet,2,2435.03
353,2025-01-17,8,Fone de Ouvido,1,1021.43
354,2025-01-30,412,Celular,3,862.83
355,2025-02-22,511,Monitor,4,2415.0
356,2025-02-27,202,Notebook,1,2755.59
357,2025-01-30,9,Celular,3,862.83
358,2025-01-04,210,Notebook,3,1545.36
359,2025-02-04,169,Mouse,4,4242.7
360,2025-02-27,134,Monitor,4,1693.55
361,2025-01-05,626,Notebook,4,4476.56
362,2025-01-22,421,Notebook,4,4349.62
363,2025-01-12,978,Impressora,4,1483.11
364,2025-02-27,98,Notebook,1,2755.59
365,2025-01-07,156,Teclado,4,71.89
366,2025-01-28,268,Celular,1,4429.13
367,2025-02-02,41,Tablet,3,2513.17
368,2025-02-03,667,Impressora,5,2297.59
369,2025-01-17,945,Fone de Ouvido,1,1021.43
370,2025-01-02,322,Impressora,5,480.71
371,2025-01-07,802,Fone de Ouvido,3,1616.29
372,2025-02-26,541,Notebook,2,155.81
373,2025-01-08,347,Impressora,2,4436.93
374,2025-02-05,996,Monitor,3,4449.49
375,2025-01-27,57,Tablet,4,4583.67
376,2025-01-02,373,Impressora,5,480.71
377,2025-01-07,644,Fone de Ouvido,3,1616.29
378,2025-01-02,553,Tablet,3,4410.61
379,2025-01-15,14,Fone de Ouvido,3,3441.19
380,2025-01-08,24,Impressora,2,4436.93
381,2025-01-29,811,Teclado,4,265.91
382,2025-01-30,739,Celular,3,862.83
383,2025-02-28,115,Fone de Ouvido,2,3909.59
384,2025-02-19,304,Tablet,3,3852.7
385,2025-02-07,792,Teclado,4,2271.8
386,2025-01-29,770,Tablet,3,3068.01
387,2025-01-04,220,Tablet,4,3969.83
388,2025-01-25,438,Fone de Ouvido,1,875.4
389,2025-01-03,817,Impressora,1,4177.95
390,2025-02-14,213,Teclado,1,3468.42
391,2025-01-15,883,Fone de Ouvido,3,3441.19
392,2025-02-20,240,Notebook,1,349.08
393,2025-02-26,263,Mouse,1,3163.66
394,2025-01-25,971,Fone de Ouvido,1,875.4
395,2025-01-07,676,Fone de Ouvido,3,1616.29
396,2025-01-27,310,Tablet,4,4583.67
397,2025-02-07,296,Teclado,4,2271.8
398,2025-01-13,649,Monitor,4,2247.9
399,2025-01-08,394,Fone de Ouvido,1,1897.76
400,2025-02-07,459,Notebook,3,975.68
401,2025-02-15,713,Notebook,5,1671.7
402,2025-02-04,682,Fone de Ouvido,3,3464.06
403,2025-01-28,547,Notebook,4,3831.37
404,2025-02-11,830,Mouse,3,3853.89
405,2025-01-28,459,Celular,1,4429.13
406,2025-01-04,281,Tablet,4,3969.83
407,2025-01-05,297,Teclado,3,4029.29
408,2025-01-02,325,Tablet,1,3867.78
409,2025-02-27,200,Monitor,4,1693.55
410,2025-01-29,357,Celular,1,284.68
411,2025-01-02,11,Impressora,5,480.71
412,2025-02-12,606,Celular,1,1379.42
413,2025-02-15,302,Notebook,2,4580.01
414,2025-01-08,403,Impressora,2,4436.93
415,2025-01-12,907,Mouse,2,4983.78
416,2025-02-14,745,Teclado,1,3468.42
417,2025-01-27,793,Tablet,4,4583.67
418,2025-03-01,968,Tablet,2,4728.44
419,2025-01-29,79,Teclado,4,265.91
420,2025-02-19,809,Teclado,5,329.01
421,2025-01-22,75,Celular,1,3648.49
422,2025-01-18,586,Impressora,2,797.36
423,2025-02-20,892,Impressora,3,3259.78
424,2025-03-02,433,Celular,3,2214.71
425,2025-02-17,376,Teclado,2,737.07
426,2025-02-12,591,Impressora,2,4304.66
427,2025-02-10,14,Tablet,5,4294.24
428,2025-02-16,712,Impressora,1,3099.52
429,2025-01-22,646,Monitor,3,1476.67
430,2025-01-29,583,Tablet,3,3068.01
431,2025-02-04,974,Fone de Ouvido,5,941.84
432,2025-02-03,778,Impressora,5,2297.59
433,2025-01-06,950,Teclado,1,2750.62
434,2025-02-15,27,Notebook,5,1671.7
435,2025-02-07,280,Teclado,4,2271.8
436,2025-01-29,493,Tablet,3,3068.01
437,2025-02-28,7,Fone de Ouvido,2,3909.59
438,2025-01-08,194,Fone de Ouvido,1,1897.76
439,2025-01-23,913,Celular,4,4290.85
440,2025-02-14,279,Teclado,1,3468.42
441,2025-02-26,34,Mouse,1,3163.66
442,2025-02-28,433,Fone de Ouvido,2,3909.59
443,2025-02-17,999,Impressora,4,4767.45
444,2025-01-12,249,Tablet,2,4960.9
445,2025-02-26,879,Mouse,1,3163.66
446,2025-02-26,102,Mouse,1,3163.66
447,2025-01-08,33,Fone de Ouvido,1,1897.76
448,2025-01-07,549,Teclado,4,71.89
449,2025-02-16,978,Monitor,4,2666.58
450,2025-02-12,511,Celular,1,1379.42
451,2025-02-20,489,Teclado,1,1757.54
452,2025-02-04,547,Fone de Ouvido,5,941.84
453,2025-02-20,198,Notebook,1,349.08
454,2025-01-29,154,Teclado,4,265.91
455,2025-01-30,423,Celular,3,862.83
456,2025-02-12,608,Impressora,2,4304.66
457,2025-01-02,66,Tablet,3,4410.61
458,2025-01-29,462,Teclado,4,265.91
459,2025-02-18,815,Impressora,2,2709.75
460,2025-01-23,183,Celular,5,664.94
461,2025-02-26,23,Notebook,2,155.81
462,2025-01-05,253,Tablet,3,2178.28
463,2025-01-01,513,Mouse,1,1928.99
464,2025-01-13,31,Monitor,4,2247.9
465,2025-01-08,863,Impressora,2,4436.93
466,2025-01-08,606,Celular,3,4192.5
467,2025-02-06,647,Notebook,3,693.85
468,2025-02-16,125,Monitor,4,2666.58
469,2025-02-10,216,Tablet,5,4294.24
470,2025-03-01,711,Tablet,2,4728.44
471,2025-01-17,329,Fone de Ouvido,1,1021.43
472,2025-01-05,874,Notebook,4,4476.56
473,2025-01-28,554,Celular,1,4429.13
474,2025-02-28,850,Fone de Ouvido,2,3909.59
475,2025-01-05,880,Notebook,4,4476.56
476,2025-02-03,563,Impressora,5,2297.59
477,2025-02-26,255,Mouse,1,3163.66
478,2025-01-08,212,Celular,3,4192.5
479,2025-02-11,900,Mouse,3,3853.89
480,2025-02-11,436,Mouse,3,3853.89
481,2025-02-17,485,Impressora,4,4767.45
482,2025-02-07,254,Notebook,3,975.68
483,2025-01-05,474,Teclado,3,4029.29
484,2025-01-24,437,Tablet,1,4533.21
485,2025-02-28,858,Tablet,4,1925.7
486,2025-02-26,995,Mouse,1,3163.66
487,2025-02-28,158,Tablet,4,1925.7
488,2025-01-08,378,Monitor,4,4707.03
489,2025-01-05,557,Tablet,3,2178.28
490,2025-02-27,610,Monitor,4,1693.55
491,2025-02-14,208,Celular,2,3166.79
492,2025-02-28,778,Tablet,4,1925.7
493,2025-02-10,558,Tablet,5,4294.24
494,2025-02-04,562,Mouse,4,4242.7
495,2025-02-27,115,Notebook,1,2755.59
496,2025-02-28,933,Fone de Ouvido,2,3909.59
497,2025-01-04,556,Notebook,3,1545.36
498,2025-01-12,158,Tablet,2,4960.9
499,2025-01-02,127,Impressora,5,480.71
500,2025-01-25,459,Fone de Ouvido,1,875.4
501,2025-01-22,617,Monitor,3,1476.67
502,2025-02-15,248,Notebook,2,4580.01
503,2025-02-10,756,Tablet,5,4294.24
504,2025-01-23,493,Celular,4,4290.85
505,2025-01-08,472,Fone de Ouvido,1,1897.76
506,2025-01-22,692,Celular,1,3648.49
507,2025-01-15,19,Impressora,3,2302.75
508,2025-02-10,479,Notebook,1,4740.51
509,2025-02-03,671,Impressora,5,2297.59
510,2025-01-04,738,Notebook,3,1545.36
511,2025-01-13,363,Monitor,4,2247.9
512,2025-01-01,845,Mouse,1,1928.99
513,2025-02-17,596,Impressora,4,4767.45
514,2025-01-04,132,Notebook,3,1545.36
515,2025-01-22,178,Monitor,3,1476.67
516,2025-02-10,619,Tablet,5,4294.24
517,2025-02-11,329,Mouse,3,3853.89
518,2025-02-11,772,Mouse,3,3853.89
519,2025-02-27,909,Monitor,4,1693.55
520,2025-02-19,500,Tablet,3,3852.7
521,2025-01-29,105,Celular,1,284.68
522,2025-02-27,606,Celular,2,3324.36
523,2025-01-04,545,Tablet,4,3969.83
524,2025-01-01,828,Mouse,1,1928.99
525,2025-02-07,31,Notebook,3,975.68
526,2025-01-19,99,Tablet,2,580.64
527,2025-01-04,577,Notebook,3,1545.36
528,2025-02-27,722,Celular,2,3324.36
529,2025-01-08,290,Monitor,4,4707.03
530,2025-02-16,757,Monitor,4,2666.58
531,2025-01-15,766,Fone de Ouvido,3,3441.19
532,2025-01-19,108,Tablet,2,580.64
533,2025-01-05,254,Notebook,4,4476.56
534,2025-02-26,174,Mouse,1,3163.66
535,2025-01-05,932,Tablet,3,2178.28
536,2025-02-28,511,Tablet,4,1925.7
537,2025-01-04,594,Notebook,3,1545.36
538,2025-01-22,500,Notebook,4,4349.62
539,2025-02-10,932,Tablet,5,4294.24
540,2025-01-27,740,Tablet,4,4583.67
541,2025-01-14,280,Monitor,1,4757.88
542,2025-01-28,637,Notebook,4,3831.37
543,2025-02-03,755,Impressora,5,2297.59
544,2025-02-07,638,Teclado,4,2271.8
545,2025-01-21,487,Impressora,5,1481.28
546,2025-01-24,759,Tablet,5,3342.96
547,2025-01-27,170,Tablet,4,4583.67
548,2025-01-24,90,Tablet,1,4533.21
549,2025-01-12,459,Mouse,2,4983.78
550,2025-01-12,377,Impressora,4,1483.11
551,2025-01-04,154,Tablet,4,3969.83
552,2025-01-04,5,Tablet,4,3969.83
553,2025-02-04,265,Mouse,4,4242.7
554,2025-01-23,42,Celular,4,4290.85
555,2025-01-02,988,Tablet,1,3867.78
556,2025-01-24,78,Tablet,1,4533.21
557,2025-01-25,772,Fone de Ouvido,1,875.4
558,2025-02-17,368,Teclado,2,737.07
559,2025-01-04,338,Tablet,4,3969.83
560,2025-02-06,359,Notebook,3,693.85
561,2025-01-02,534,Celular,3,2059.08
562,2025-01-02,923,Tablet,1,3867.78
563,2025-02-02,416,Tablet,3,2513.17
564,2025-01-15,444,Impressora,3,2302.75
565,2025-03-01,204,Tablet,2,4728.44
566,2025-01-24,958,Tablet,1,4533.21
567,2025-01-15,73,Fone de Ouvido,3,3441.19
568,2025-01-07,32,Fone de Ouvido,3,1616.29
569,2025-01-28,876,Notebook,4,3831.37
570,2025-01-12,176,Impressora,4,1483.11
571,2025-01-29,195,Tablet,3,3068.01
572,2025-02-01,293,Tablet,5,866.08
573,2025-02-11,34,Mouse,3,3853.89
574,2025-02-12,483,Impressora,2,4304.66
575,2025-01-02,51,Impressora,5,480.71
576,2025-02-15,202,Notebook,2,4580.01
577,2025-01-02,258,Celular,3,2059.08
578,2025-02-11,541,Mouse,3,3853.89
579,2025-01-08,113,Monitor,4,4707.03
580,2025-02-19,542,Teclado,5,329.01
581,2025-01-23,792,Celular,5,664.94
582,2025-02-26,340,Mouse,1,3163.66
583,2025-01-16,133,Teclado,4,1757.96
584,2025-01-15,540,Impressora,3,2302.75
585,2025-01-18,753,Impressora,2,797.36
586,2025-02-14,742,Celular,2,3166.79
587,2025-03-01,406,Tablet,2,2435.03
588,2025-01-18,196,Impressora,2,797.36
589,2025-01-19,171,Tablet,2,580.64
590,2025-01-06,334,Fone de Ouvido,1,4262.33
591,2025-01-27,853,Tablet,4,4583.67
592,2025-02-27,807,Notebook,1,2755.59
593,2025-01-08,61,Impressora,2,4436.93
594,2025-01-07,351,Teclado,4,71.89
595,2025-01-08,572,Impressora,2,4436.93
596,2025-01-18,559,Impressora,2,797.36
597,2025-02-07,785,Tablet,2,1080.97
598,2025-01-05,739,Tablet,3,2178.28
599,2025-01-27,661,Tablet,4,4583.67
600,2025-02-07,96,Notebook,3,975.68
601,2025-02-17,323,Impressora,4,4767.45
602,2025-01-05,533,Tablet,3,2178.28
603,2025-02-05,573,Monitor,3,4449.49
604,2025-01-24,264,Tablet,1,4533.21
605,2025-01-08,824,Celular,3,4192.5
606,2025-03-01,90,Tablet,2,4728.44
607,2025-02-07,867,Notebook,3,975.68
608,2025-02-14,665,Celular,2,3166.79
609,2025-01-08,798,Impressora,2,4436.93
610,2025-01-17,932,Fone de Ouvido,1,1021.43
611,2025-01-28,558,Celular,1,4429.13
612,2025-02-17,216,Impressora,4,4767.45
613,2025-01-24,744,Tablet,5,3342.96
614,2025-02-14,290,Celular,2,3166.79
615,2025-01-08,575,Fone de Ouvido,1,1897.76
616,2025-03-01,265,Tablet,2,4728.44
617,2025-02-03,545,Fone de Ouvido,2,1439.79
618,2025-01-05,839,Notebook,4,4476.56
619,2025-01-07,404,Teclado,4,71.89
620,2025-02-27,31,Celular,2,3324.36
621,2025-01-24,3,Tablet,1,4533.21
622,2025-02-04,367,Mouse,4,4242.7
623,2025-01-05,897,Notebook,4,4476.56
624,2025-01-22,784,Monitor,3,1476.67
625,2025-01-05,426,Teclado,3,4029.29
626,2025-01-25,736,Fone de Ouvido,1,3857.27
627,2025-02-22,988,Monitor,4,2415.0
628,2025-02-10,764,Notebook,1,4740.51
629,2025-01-15,552,Fone de Ouvido,3,3441.19
630,2025-02-16,230,Monitor,4,2666.58
631,2025-02-20,193,Tablet,1,119.4
632,2025-02-10,174,Tablet,5,4294.24
633,2025-01-04,200,Notebook,3,1545.36
634,2025-01-08,511,Impressora,2,4436.93
635,2025-01-24,462,Tablet,1,4533.21
636,2025-02-14,829,Teclado,1,3468.42
637,2025-02-16,316,Monitor,4,2666.58
638,2025-02-19,118,Tablet,3,3852.7
639,2025-02-27,704,Celular,2,3324.36
640,2025-01-02,770,Tablet,3,4410.61
641,2025-02-07,561,Notebook,3,975.68
642,2025-02-10,801,Tablet,5,4294.24
643,2025-01-22,127,Celular,1,3648.49
644,2025-01-29,348,Celular,1,284.68
645,2025-01-02,331,Tablet,3,4410.61
646,2025-02-12,873,Celular,1,1379.42
647,2025-02-26,167,Mouse,1,3163.66
648,2025-01-29,134,Celular,1,284.68
649,2025-02-16,591,Impressora,1,3099.52
650,2025-01-15,919,Fone de Ouvido,3,3441.19
651,2025-02-18,651,Impressora,2,2709.75
652,2025-01-12,567,Impressora,4,1483.11
653,2025-01-29,99,Tablet,3,3068.01
654,2025-01-02,519,Impressora,5,480.71
655,2025-01-16,59,Teclado,4,1757.96
656,2025-01-03,493,Impressora,1,4177.95
657,2025-01-22,299,Monitor,3,1476.67
658,2025-01-05,56,Teclado,3,4029.29
659,2025-01-02,45,Celular,3,2059.08
660,2025-02-26,374,Mouse,1,3163.66
661,2025-01-28,614,Celular,1,4429.13
662,2025-02-19,81,Teclado,5,329.01
663,2025-01-07,748,Fone de Ouvido,3,1616.29
664,2025-03-01,652,Tablet,2,4728.44
665,2025-02-06,963,Notebook,3,693.85
666,2025-02-12,642,Celular,1,1379.42
667,2025-01-05,261,Teclado,3,4029.29
668,2025-01-12,705,Mouse,2,4983.78
669,2025-02-04,620,Fone de Ouvido,3,3464.06
670,2025-02-15,760,Notebook,5,1671.7
671,2025-02-18,909,Impressora,2,2709.75
672,2025-01-15,744,Impressora,3,2302.75
673,2025-02-05,751,Monitor,3,4449.49
674,2025-01-30,366,Fone de Ouvido,2,2157.36
675,2025-02-20,609,Tablet,1,119.4
676,2025-02-12,770,Impressora,2,4304.66
677,2025-02-17,935,Teclado,2,737.07
678,2025-01-08,214,Fone de Ouvido,1,1897.76
679,2025-01-28,319,Celular,1,4429.13
680,2025-01-25,922,Fone de Ouvido,1,3857.27
681,2025-02-14,885,Celular,2,3166.79
682,2025-02-20,288,Impressora,3,3259.78
683,2025-01-22,812,Notebook,4,4349.62
684,2025-01-18,76,Impressora,2,797.36
685,2025-02-20,207,Teclado,1,1757.54
686,2025-02-18,539,Notebook,2,3496.29
687,2025-01-05,210,Notebook,4,4476.56
688,2025-02-04,114,Mouse,4,4242.7
689,2025-02-20,138,Notebook,1,349.08
690,2025-01-29,108,Celular,1,284.68
691,2025-01-21,173,Impressora,5,1481.28
692,2025-01-02,848,Celular,3,2059.08
693,2025-02-11,248,Mouse,3,3853.89
694,2025-01-05,223,Notebook,4,4476.56
695,2025-01-29,66,Celular,1,284.68
696,2025-01-25,218,Fone de Ouvido,1,875.4
697,2025-02-20,212,Impressora,3,3259.78
698,2025-03-01,942,Tablet,2,4728.44
699,2025-02-03,978,Impressora,5,2297.59
700,2025-02-26,674,Mouse,1,3163.66
701,2025-03-02,457,Celular,3,2214.71
702,2025-02-03,60,Impressora,5,2297.59
703,2025-01-31,859,Tablet,1,1195.82
704,2025-02-04,452,Mouse,4,4242.7
705,2025-01-29,555,Celular,1,284.68
706,2025-02-28,63,Tablet,4,1925.7
707,2025-02-21,435,Notebook,4,2682.12
708,2025-02-23,67,Tablet,3,4388.76
709,2025-02-03,4,Impressora,5,2297.59
710,2025-02-17,950,Impressora,4,4767.45
711,2025-02-28,370,Fone de Ouvido,2,3909.59
712,2025-02-14,773,Teclado,1,3468.42
713,2025-01-18,217,Monitor,5,716.76
714,2025-01-04,254,Tablet,4,3969.83
715,2025-01-30,299,Fone de Ouvido,2,2157.36
716,2025-02-26,247,Notebook,2,155.81
717,2025-02-26,675,Mouse,1,3163.66
718,2025-02-02,435,Tablet,3,2513.17
719,2025-02-20,93,Impressora,3,3259.78
720,2025-02-07,755,Teclado,4,2271.8
721,2025-02-20,722,Impressora,3,3259.78
722,2025-02-04,411,Mouse,4,4242.7
723,2025-01-13,658,Monitor,4,2247.9
724,2025-03-01,908,Tablet,2,2435.03
725,2025-01-14,386,Monitor,1,4757.88
726,2025-02-19,794,Tablet,3,3852.7
727,2025-01-16,919,Teclado,4,1757.96
728,2025-01-18,14,Impressora,2,797.36
729,2025-01-08,166,Impressora,2,4436.93
730,2025-01-05,746,Notebook,4,4476.56
731,2025-03-02,335,Celular,3,2214.71
732,2025-01-22,169,Celular,1,3648.49
733,2025-01-03,435,Impressora,1,4177.95
734,2025-01-13,82,Monitor,4,2247.9
735,2025-01-07,26,Teclado,4,71.89
736,2025-02-16,831,Impressora,1,3099.52
737,2025-02-04,219,Fone de Ouvido,5,941.84
738,2025-02-18,7,Notebook,2,3496.29
739,2025-02-28,322,Tablet,4,1925.7
740,2025-02-20,681,Notebook,1,349.08
741,2025-02-21,933,Notebook,4,2682.12
742,2025-02-10,60,Tablet,5,4294.24
743,2025-01-29,421,Tablet,3,3068.01
744,2025-01-22,158,Celular,1,3648.49
745,2025-01-16,555,Teclado,4,1757.96
746,2025-01-24,156,Tablet,1,4533.21
747,2025-01-02,824,Celular,3,2059.08
748,2025-01-05,246,Tablet,3,2178.28
749,2025-02-10,235,Tablet,5,4294.24
750,2025-01-31,627,Tablet,1,1195.82
751,2025-01-22,786,Monitor,3,1476.67
752,2025-01-27,301,Tablet,4,4583.67
753,2025-02-22,297,Monitor,4,2415.0
754,2025-02-12,373,Impressora,2,4304.66
755,2025-02-03,569,Impressora,5,2297.59
756,2025-01-18,388,Impressora,2,797.36
757,2025-02-11,685,Mouse,3,3853.89
758,2025-02-12,687,Impressora,2,4304.66
759,2025-02-26,691,Mouse,1,3163.66
760,2025-01-29,283,Teclado,4,265.91
761,2025-01-12,649,Mouse,2,4983.78
762,2025-02-22,932,Monitor,4,2415.0
763,2025-02-03,134,Impressora,5,2297.59
764,2025-01-23,698,Teclado,3,4585.61
765,2025-02-27,29,Celular,2,3324.36
766,2025-02-27,585,Notebook,1,2755.59
767,2025-02-04,94,Fone de Ouvido,3,3464.06
768,2025-02-28,292,Fone de Ouvido,2,3909.59
769,2025-01-28,328,Celular,1,4429.13
770,2025-01-06,98,Fone de Ouvido,1,4262.33
771,2025-01-04,333,Tablet,4,3969.83
772,2025-01-24,441,Tablet,5,3342.96
773,2025-02-23,715,Tablet,3,4388.76
774,2025-02-03,368,Impressora,5,2297.59
775,2025-01-15,855,Impressora,3,2302.75
776,2025-03-01,623,Tablet,2,4728.44
777,2025-01-07,590,Fone de Ouvido,3,1616.29
778,2025-01-12,902,Impressora,4,1483.11
779,2025-02-26,925,Notebook,2,155.81
780,2025-02-07,53,Tablet,2,1080.97
781,2025-01-04,963,Notebook,3,1545.36
782,2025-01-13,634,Monitor,4,2247.9
783,2025-02-14,617,Teclado,1,3468.42
784,2025-02-15,462,Notebook,5,1671.7
785,2025-01-19,50,Tablet,2,580.64
786,2025-01-18,258,Monitor,5,716.76
787,2025-01-17,375,Fone de Ouvido,1,1021.43
788,2025-02-18,769,Impressora,2,2709.75
789,2025-01-04,138,Tablet,4,3969.83
790,2025-02-17,383,Teclado,2,737.07
791,2025-01-03,13,Impressora,1,4177.95
792,2025-01-05,65,Tablet,3,2178.28
793,2025-01-07,986,Teclado,4,71.89
794,2025-02-08,4,Notebook,1,3793.49
795,2025-02-19,791,Tablet,3,3852.7
796,2025-02-15,357,Notebook,2,4580.01
797,2025-02-28,907,Fone de Ouvido,2,3909.59
798,2025-02-14,317,Celular,2,3166.79
799,2025-01-08,972,Fone de Ouvido,1,1897.76
800,2025-02-03,4,Fone de Ouvido,2,1439.79
801,2025-02-04,576,Fone de Ouvido,3,3464.06
802,2025-01-07,403,Teclado,4,71.89
803,2025-02-23,77,Tablet,3,4388.76
804,2025-01-04,605,Tablet,4,3969.83
805,2025-01-06,593,Teclado,1,2750.62
806,2025-01-08,450,Impressora,2,4436.93
807,2025-02-28,694,Tablet,4,1925.7
808,2025-03-01,555,Tablet,2,2435.03
809,2025-01-08,143,Celular,3,4192.5
810,2025-02-26,267,Notebook,2,155.81
811,2025-02-03,238,Impressora,5,2297.59
812,2025-02-01,4,Tablet,5,866.08
813,2025-01-04,952,Notebook,3,1545.36
814,2025-01-15,949,Fone de Ouvido,3,3441.19
815,2025-02-18,124,Impressora,2,2709.75
816,2025-02-21,422,Notebook,4,2682.12
817,2025-01-02,708,Tablet,3,4410.61
818,2025-02-07,848,Notebook,3,975.68
819,2025-01-02,920,Tablet,3,4410.61
820,2025-02-05,695,Monitor,3,4449.49
821,2025-01-02,23,Celular,3,2059.08
822,2025-01-02,131,Celular,3,2059.08
823,2025-02-20,272,Tablet,1,119.4
824,2025-01-28,185,Celular,1,4429.13
825,2025-02-19,512,Tablet,3,3852.7
826,2025-02-10,987,Notebook,1,4740.51
827,2025-01-06,838,Fone de Ouvido,1,4262.33
828,2025-02-28,936,Tablet,4,1925.7
829,2025-01-23,64,Celular,4,4290.85
830,2025-02-20,188,Impressora,3,3259.78
831,2025-02-23,151,Tablet,3,4388.76
832,2025-01-22,884,Notebook,4,4349.62
833,2025-02-17,712,Impressora,4,4767.45
834,2025-02-17,705,Teclado,2,737.07
835,2025-02-07,819,Teclado,4,2271.8
836,2025-01-08,480,Monitor,4,4707.03
837,2025-02-03,360,Impressora,5,2297.59
838,2025-01-15,725,Fone de Ouvido,3,3441.19
839,2025-01-31,879,Tablet,1,1195.82
840,2025-01-29,84,Celular,1,284.68
841,2025-02-15,907,Notebook,2,4580.01
842,2025-01-08,715,Monitor,4,4707.03
843,2025-02-20,992,Notebook,1,349.08
844,2025-02-21,143,Notebook,4,2682.12
845,2025-01-12,771,Mouse,2,4983.78
846,2025-01-24,725,Tablet,1,4533.21
847,2025-02-17,470,Teclado,2,737.07
848,2025-02-20,398,Notebook,1,349.08
849,2025-02-18,568,Impressora,2,2709.75
850,2025-01-01,495,Mouse,1,1928.99
851,2025-01-01,627,Mouse,1,1928.99
852,2025-01-22,926,Celular,1,3648.49
853,2025-01-28,231,Celular,1,4429.13
854,2025-01-13,330,Monitor,4,2247.9
855,2025-02-07,182,Notebook,3,975.68
856,2025-01-28,103,Teclado,5,931.44
857,2025-02-19,753,Tablet,3,3852.7
858,2025-02-16,922,Impressora,1,3099.52
859,2025-02-15,479,Notebook,5,1671.7
860,2025-01-16,272,Teclado,4,1757.96
861,2025-01-23,934,Celular,4,4290.85
862,2025-01-30,775,Fone de Ouvido,2,2157.36
863,2025-02-27,481,Notebook,1,2755.59
864,2025-01-06,513,Teclado,1,2750.62
865,2025-01-30,665,Fone de Ouvido,2,2157.36
866,2025-01-12,608,Mouse,2,4983.78
867,2025-01-06,742,Teclado,1,2750.62
868,2025-02-07,493,Tablet,2,1080.97
869,2025-01-17,497,Fone de Ouvido,1,1021.43
870,2025-01-28,830,Teclado,5,931.44
871,2025-01-21,691,Impressora,5,1481.28
872,2025-01-23,237,Celular,4,4290.85
873,2025-02-28,864,Fone de Ouvido,2,3909.59
874,2025-01-06,670,Teclado,1,2750.62
875,2025-02-16,211,Monitor,4,2666.58
876,2025-01-30,117,Fone de Ouvido,2,2157.36
877,2025-01-30,872,Celular,3,862.83
878,2025-01-03,440,Teclado,3,1748.32
879,2025-01-28,905,Teclado,5,931.44
880,2025-01-17,326,Fone de Ouvido,1,1021.43
881,2025-01-23,529,Celular,4,4290.85
882,2025-02-01,578,Tablet,5,866.08
883,2025-02-18,626,Impressora,2,2709.75
884,2025-01-15,395,Impressora,3,2302.75
885,2025-01-22,575,Notebook,4,4349.62
886,2025-01-19,66,Tablet,2,580.64
887,2025-01-18,620,Monitor,5,716.76
888,2025-01-28,258,Celular,1,4429.13
889,2025-01-02,482,Celular,3,2059.08
890,2025-01-28,46,Celular,1,4429.13
891,2025-01-24,138,Tablet,5,3342.96
892,2025-01-03,410,Teclado,3,1748.32
893,2025-01-04,518,Notebook,3,1545.36
894,2025-01-08,898,Monitor,4,4707.03
895,2025-02-26,91,Notebook,2,155.81
896,2025-01-02,464,Tablet,3,4410.61
897,2025-02-15,633,Notebook,5,1671.7
898,2025-02-23,609,Tablet,3,4388.76
899,2025-01-02,977,Tablet,1,3867.78
900,2025-01-16,710,Teclado,4,1757.96
901,2025-02-07,664,Notebook,3,975.68
902,2025-01-08,477,Celular,3,4192.5
903,2025-01-14,539,Monitor,1,4757.88
904,2025-01-15,79,Fone de Ouvido,3,3441.19
905,2025-01-16,255,Teclado,4,1757.96
906,2025-02-10,809,Tablet,5,4294.24
907,2025-02-12,297,Impressora,2,4304.66
908,2025-01-22,387,Notebook,4,4349.62
909,2025-01-22,709,Notebook,4,4349.62
910,2025-01-18,1000,Monitor,5,716.76
911,2025-02-14,97,Teclado,1,3468.42
912,2025-01-25,823,Fone de Ouvido,1,875.4
913,2025-01-05,32,Tablet,3,2178.28
914,2025-01-25,719,Fone de Ouvido,1,875.4
915,2025-02-04,494,Fone de Ouvido,3,3464.06
916,2025-01-02,22,Impressora,5,480.71
917,2025-02-07,275,Teclado,4,2271.8
918,2025-01-12,688,Mouse,2,4983.78
919,2025-02-04,710,Mouse,4,4242.7
920,2025-01-23,802,Celular,4,4290.85
921,2025-01-05,253,Notebook,4,4476.56
922,2025-03-01,539,Tablet,2,2435.03
923,2025-02-18,178,Impressora,2,2709.75
924,2025-02-07,664,Tablet,2,1080.97
925,2025-02-03,522,Impressora,5,2297.59
926,2025-02-12,723,Celular,1,1379.42
927,2025-02-04,437,Mouse,4,4242.7
928,2025-01-12,718,Tablet,2,4960.9
929,2025-03-01,186,Tablet,2,2435.03
930,2025-02-20,10,Teclado,1,1757.54
931,2025-02-28,628,Tablet,4,1925.7
932,2025-02-18,875,Impressora,2,2709.75
933,2025-01-24,867,Tablet,1,4533.21
934,2025-02-11,160,Mouse,3,3853.89
935,2025-01-07,591,Fone de Ouvido,3,1616.29
936,2025-01-08,20,Monitor,4,4707.03
937,2025-01-07,52,Teclado,4,71.89
938,2025-02-10,352,Notebook,1,4740.51
939,2025-02-11,386,Mouse,3,3853.89
940,2025-02-20,257,Impressora,3,3259.78
941,2025-02-04,311,Fone de Ouvido,3,3464.06
942,2025-01-06,220,Fone de Ouvido,1,4262.33
943,2025-02-15,963,Notebook,2,4580.01
944,2025-01-13,226,Monitor,4,2247.9
945,2025-01-08,195,Fone de Ouvido,1,1897.76
946,2025-01-18,977,Monitor,5,716.76
947,2025-01-01,349,Mouse,1,1928.99
948,2025-02-28,723,Fone de Ouvido,2,3909.59
949,2025-02-27,795,Monitor,4,1693.55
950,2025-02-04,725,Mouse,4,4242.7
951,2025-02-01,62,Tablet,5,866.08
952,2025-02-15,815,Notebook,2,4580.01
953,2025-01-18,421,Impressora,2,797.36
954,2025-02-28,412,Tablet,4,1925.7
955,2025-02-12,788,Impressora,2,4304.66
956,2025-01-08,536,Impressora,2,4436.93
957,2025-02-16,295,Monitor,4,2666.58
958,2025-01-28,820,Teclado,5,931.44
959,2025-01-13,850,Monitor,4,2247.9
960,2025-01-18,381,Monitor,5,716.76
961,2025-01-08,168,Fone de Ouvido,1,1897.76
962,2025-02-16,69,Impressora,1,3099.52
963,2025-02-11,242,Mouse,3,3853.89
964,2025-02-22,363,Monitor,4,2415.0
965,2025-01-29,261,Tablet,3,3068.01
966,2025-02-10,878,Notebook,1,4740.51
967,2025-01-03,484,Teclado,3,1748.32
968,2025-01-28,850,Notebook,4,3831.37
969,2025-02-15,435,Notebook,2,4580.01
970,2025-02-16,631,Impressora,1,3099.52
971,2025-02-03,765,Fone de Ouvido,2,1439.79
972,2025-01-18,447,Monitor,5,716.76
973,2025-02-19,406,Teclado,5,329.01
974,2025-02-21,4,Notebook,4,2682.12
975,2025-02-07,484,Notebook,3,975.68
976,2025-01-03,772,Impressora,1,4177.95
977,2025-01-30,937,Fone de Ouvido,2,2157.36
978,2025-01-08,817,Impressora,2,4436.93
979,2025-02-04,840,Fone de Ouvido,5,941.84
980,2025-02-27,491,Notebook,1,2755.59
981,2025-02-14,640,Celular,2,3166.79
982,2025-02-22,421,Monitor,4,2415.0
983,2025-01-02,912,Celular,3,2059.08
984,2025-01-29,283,Celular,1,284.68
985,2025-01-22,661,Celular,1,3648.49
986,2025-01-28,609,Celular,1,4429.13
987,2025-01-08,585,Fone de Ouvido,1,1897.76
988,2025-02-11,956,Mouse,3,3853.89
989,2025-02-02,347,Tablet,3,2513.17
990,2025-02-14,830,Teclado,1,3468.42
991,2025-01-28,499,Celular,1,4429.13
992,2025-03-01,758,Tablet,2,4728.44
993,2025-01-24,366,Tablet,5,3342.96
994,2025-02-14,20,Teclado,1,3468.42
995,2025-01-23,85,Celular,5,664.94
996,2025-01-19,985,Tablet,2,580.64
997,2025-01-25,817,Fone de Ouvido,1,875.4
998,2025-01-03,663,Impressora,1,4177.95
999,2025-02-27,474,Celular,2,3324.36
1000,2025-01-08,804,Fone de Ouvido,1,1897.76
1001,2025-01-08,573,Monitor,4,4707.03
1002,2025-02-12,104,Impressora,2,4304.66
1003,2025-02-06,776,Notebook,3,693.85
1004,2025-02-20,319,Tablet,1,119.4
1005,2025-02-12,648,Celular,1,1379.42
1006,2025-01-23,877,Teclado,3,4585.61
1007,2025-02-26,755,Notebook,2,155.81
1008,2025-02-16,781,Monitor,4,2666.58
1009,2025-02-15,69,Notebook,2,4580.01
1010,2025-02-27,909,Notebook,1,2755.59
1011,2025-01-06,724,Teclado,1,2750.62
1012,2025-02-03,896,Fone de Ouvido,2,1439.79
1013,2025-01-18,309,Monitor,5,716.76
1014,2025-02-03,646,Fone de Ouvido,2,1439.79
1015,2025-02-20,765,Teclado,1,1757.54
1016,2025-01-04,861,Tablet,4,3969.83
1017,2025-01-02,826,Tablet,3,4410.61
1018,2025-01-12,761,Tablet,2,4960.9
1019,2025-03-01,13,Tablet,2,2435.03
1020,2025-02-20,313,Teclado,1,1757.54
1021,2025-02-20,650,Teclado,1,1757.54
1022,2025-01-22,504,Notebook,4,4349.62
1023,2025-01-01,209,Mouse,1,1928.99
1024,2025-01-16,163,Teclado,4,1757.96
1025,2025-02-17,247,Impressora,4,4767.45
1026,2025-02-17,542,Impressora,4,4767.45
1027,2025-01-01,816,Mouse,1,1928.99
1028,2025-01-15,202,Fone de Ouvido,3,3441.19
1029,2025-01-27,226,Tablet,4,4583.67
1030,2025-01-08,614,Celular,3,4192.5
1031,2025-01-05,840,Teclado,3,4029.29
1032,2025-02-21,40,Notebook,4,2682.12
1033,2025-02-18,744,Notebook,2,3496.29
1034,2025-02-06,323,Notebook,3,693.85
1035,2025-01-18,587,Impressora,2,797.36
1036,2025-01-27,879,Tablet,4,4583.67
1037,2025-01-15,296,Fone de Ouvido,3,3441.19
1038,2025-02-26,173,Notebook,2,155.81
1039,2025-02-15,463,Notebook,5,1671.7
1040,2025-01-24,237,Tablet,5,3342.96
1041,2025-02-03,301,Impressora,5,2297.59
1042,2025-01-16,453,Teclado,4,1757.96
1043,2025-01-22,900,Notebook,4,4349.62
1044,2025-01-28,634,Teclado,5,931.44
1045,2025-02-26,423,Notebook,2,155.81
1046,2025-01-01,810,Mouse,1,1928.99
1047,2025-01-23,556,Celular,4,4290.85
1048,2025-02-17,122,Impressora,4,4767.45
1049,2025-01-22,807,Celular,1,3648.49
1050,2025-02-15,990,Notebook,5,1671.7
1051,2025-01-28,705,Teclado,5,931.44
1052,2025-01-16,351,Teclado,4,1757.96
1053,2025-02-12,805,Impressora,2,4304.66
1054,2025-02-15,417,Notebook,2,4580.01
1055,2025-01-23,988,Celular,4,4290.85
1056,2025-02-20,206,Impressora,3,3259.78
1057,2025-02-02,225,Tablet,3,2513.17
1058,2025-02-18,225,Impressora,2,2709.75
1059,2025-02-20,119,Teclado,1,1757.54
1060,2025-02-15,235,Notebook,2,4580.01
1061,2025-01-23,601,Celular,5,664.94
1062,2025-01-05,148,Notebook,4,4476.56
1063,2025-01-24,296,Tablet,5,3342.96
1064,2025-01-30,762,Celular,3,862.83
1065,2025-03-02,506,Celular,3,2214.71
1066,2025-01-24,177,Tablet,1,4533.21
1067,2025-01-13,508,Monitor,4,2247.9
1068,2025-02-28,89,Tablet,4,1925.7
1069,2025-02-11,508,Mouse,3,3853.89
1070,2025-02-16,831,Impressora,1,3099.52
1071,2025-02-27,728,Notebook,1,2755.59
1072,2025-01-30,796,Fone de Ouvido,2,2157.36
1073,2025-02-05,992,Monitor,3,4449.49
1074,2025-02-08,551,Notebook,1,3793.49
1075,2025-02-27,914,Celular,2,3324.36
1076,2025-02-23,445,Tablet,3,4388.76
1077,2025-02-21,61,Notebook,4,2682.12
1078,2025-01-04,972,Tablet,4,3969.83
1079,2025-02-26,420,Notebook,2,155.81
1080,2025-01-12,346,Mouse,2,4983.78
1081,2025-01-19,755,Tablet,2,580.64
1082,2025-02-18,538,Impressora,2,2709.75
1083,2025-02-07,981,Notebook,3,975.68
1084,2025-01-19,579,Tablet,2,580.64
1085,2025-02-02,253,Tablet,3,2513.17
1086,2025-01-28,153,Notebook,4,3831.37
1087,2025-03-01,297,Tablet,2,4728.44
1088,2025-02-06,402,Notebook,3,693.85
1089,2025-01-28,330,Notebook,4,3831.37
1090,2025-01-24,248,Tablet,5,3342.96
1091,2025-02-17,684,Teclado,2,737.07
1092,2025-02-28,252,Fone de Ouvido,2,3909.59
1093,2025-01-06,25,Fone de Ouvido,1,4262.33
1094,2025-01-28,834,Celular,1,4429.13
1095,2025-01-05,352,Teclado,3,4029.29
1096,2025-01-16,713,Teclado,4,1757.96
1097,2025-02-04,745,Fone de Ouvido,5,941.84
1098,2025-01-27,819,Tablet,4,4583.67
1099,2025-01-30,870,Fone de Ouvido,2,2157.36
1100,2025-01-12,673,Impressora,4,1483.11
1101,2025-01-01,981,Mouse,1,1928.99
1102,2025-01-15,466,Fone de Ouvido,3,3441.19
1103,2025-01-07,15,Teclado,4,71.89
1104,2025-01-04,386,Notebook,3,1545.36
1105,2025-02-17,153,Impressora,4,4767.45
1106,2025-01-29,584,Teclado,4,265.91
1107,2025-01-12,630,Mouse,2,4983.78
1108,2025-02-10,506,Notebook,1,4740.51
1109,2025-01-16,596,Teclado,4,1757.96
1110,2025-01-05,444,Teclado,3,4029.29
1111,2025-01-08,717,Monitor,4,4707.03
1112,2025-01-22,251,Monitor,3,1476.67
1113,2025-01-08,111,Impressora,2,4436.93
1114,2025-01-12,570,Impressora,4,1483.11
1115,2025-02-28,925,Tablet,4,1925.7
1116,2025-02-06,759,Notebook,3,693.85
1117,2025-02-27,988,Notebook,1,2755.59
1118,2025-01-12,5,Tablet,2,4960.9
1119,2025-01-29,360,Teclado,4,265.91
1120,2025-02-27,446,Notebook,1,2755.59
1121,2025-01-02,508,Impressora,5,480.71
1122,2025-01-31,899,Tablet,1,1195.82
1123,2025-02-08,882,Notebook,1,3793.49
1124,2025-02-16,791,Impressora,1,3099.52
1125,2025-01-29,736,Teclado,4,265.91
1126,2025-01-17,705,Fone de Ouvido,1,1021.43
1127,2025-01-12,837,Impressora,4,1483.11
1128,2025-02-19,148,Tablet,3,3852.7
1129,2025-02-05,402,Monitor,3,4449.49
1130,2025-02-18,289,Impressora,2,2709.75
1131,2025-02-20,79,Tablet,1,119.4
1132,2025-02-10,698,Notebook,1,4740.51
1133,2025-02-15,790,Notebook,2,4580.01
1134,2025-02-17,40,Impressora,4,4767.45
1135,2025-01-22,491,Notebook,4,4349.62
1136,2025-02-14,205,Celular,2,3166.79
1137,2025-02-12,587,Celular,1,1379.42
1138,2025-02-14,802,Celular,2,3166.79
1139,2025-01-03,446,Impressora,1,4177.95
1140,2025-02-06,167,Notebook,3,693.85
1141,2025-01-31,931,Tablet,1,1195.82
1142,2025-01-29,996,Celular,1,284.68
1143,2025-02-16,602,Impressora,1,3099.52
1144,2025-02-07,17,Teclado,4,2271.8
1145,2025-01-23,307,Celular,4,4290.85
1146,2025-01-30,316,Fone de Ouvido,2,2157.36
1147,2025-01-30,604,Celular,3,862.83
1148,2025-02-07,354,Notebook,3,975.68
1149,2025-02-28,864,Fone de Ouvido,2,3909.59
1150,2025-02-04,980,Fone de Ouvido,5,941.84
1151,2025-01-30,600,Celular,3,862.83
1152,2025-02-14,209,Teclado,1,3468.42
1153,2025-01-28,580,Celular,1,4429.13
1154,2025-01-30,555,Celular,3,862.83
1155,2025-02-15,81,Notebook,5,1671.7
1156,2025-02-10,134,Notebook,1,4740.51
1157,2025-01-02,196,Tablet,3,4410.61
1158,2025-01-23,429,Celular,4,4290.85
1159,2025-01-29,6,Celular,1,284.68
1160,2025-01-23,298,Celular,4,4290.85
1161,2025-02-20,590,Teclado,1,1757.54
1162,2025-02-26,41,Notebook,2,155.81
1163,2025-01-25,170,Fone de Ouvido,1,875.4
1164,2025-02-19,309,Teclado,5,329.01
1165,2025-01-23,150,Celular,4,4290.85
1166,2025-01-31,439,Tablet,1,1195.82
1167,2025-02-12,559,Celular,1,1379.42
1168,2025-02-27,101,Notebook,1,2755.59
1169,2025-02-04,667,Fone de Ouvido,5,941.84
1170,2025-01-15,874,Impressora,3,2302.75
1171,2025-01-04,532,Tablet,4,3969.83
1172,2025-01-01,662,Mouse,1,1928.99
1173,2025-02-04,932,Fone de Ouvido,3,3464.06
1174,2025-01-18,337,Impressora,2,797.36
1175,2025-01-15,51,Impressora,3,2302.75
1176,2025-01-30,387,Fone de Ouvido,2,2157.36
1177,2025-01-22,217,Celular,1,3648.49
1178,2025-01-30,817,Celular,3,862.83
1179,2025-02-04,763,Fone de Ouvido,3,3464.06
1180,2025-01-08,121,Celular,3,4192.5
1181,2025-01-04,6,Tablet,4,3969.83
1182,2025-01-23,101,Celular,5,664.94
1183,2025-01-08,381,Fone de Ouvido,1,1897.76
1184,2025-02-15,193,Notebook,5,1671.7
1185,2025-01-19,162,Tablet,2,580.64
1186,2025-02-18,937,Impressora,2,2709.75
1187,2025-01-02,606,Celular,3,2059.08
1188,2025-01-30,833,Celular,3,862.83
1189,2025-01-30,500,Fone de Ouvido,2,2157.36
1190,2025-03-01,734,Tablet,2,4728.44
1191,2025-02-18,161,Notebook,2,3496.29
1192,2025-01-13,18,Monitor,4,2247.9
1193,2025-02-27,275,Celular,2,3324.36
1194,2025-01-03,102,Teclado,3,1748.32
1195,2025-02-16,258,Monitor,4,2666.58
1196,2025-01-18,316,Monitor,5,716.76
1197,2025-02-04,763,Fone de Ouvido,5,941.84
1198,2025-01-15,222,Impressora,3,2302.75
1199,2025-02-12,184,Impressora,2,4304.66
1200,2025-02-18,704,Impressora,2,2709.75
1201,2025-01-15,584,Impressora,3,2302.75
1202,2025-01-13,644,Monitor,4,2247.9
1203,2025-01-23,79,Celular,5,664.94
1204,2025-01-22,918,Monitor,3,1476.67
1205,2025-02-20,703,Impressora,3,3259.78
1206,2025-01-28,119,Notebook,4,3831.37
1207,2025-02-04,319,Fone de Ouvido,3,3464.06
1208,2025-01-15,603,Fone de Ouvido,3,3441.19
1209,2025-01-18,588,Impressora,2,797.36
1210,2025-01-18,396,Impressora,2,797.36
1211,2025-02-15,830,Notebook,2,4580.01
1212,2025-01-02,389,Tablet,1,3867.78
1213,2025-02-04,274,Fone de Ouvido,3,3464.06
1214,2025-01-04,42,Notebook,3,1545.36
1215,2025-03-02,367,Celular,3,2214.71
1216,2025-02-08,90,Notebook,1,3793.49
1217,2025-01-02,36,Celular,3,2059.08
1218,2025-01-30,826,Fone de Ouvido,2,2157.36
1219,2025-02-26,798,Notebook,2,155.81
1220,2025-01-31,757,Tablet,1,1195.82
1221,2025-02-07,81,Notebook,3,975.68
1222,2025-01-13,188,Monitor,4,2247.9
1223,2025-02-11,965,Mouse,3,3853.89
1224,2025-01-07,688,Fone de Ouvido,3,1616.29
1225,2025-01-24,34,Tablet,1,4533.21
1226,2025-02-11,390,Mouse,3,3853.89
1227,2025-03-01,2,Tablet,2,4728.44
1228,2025-02-17,838,Impressora,4,4767.45
1229,2025-02-07,580,Tablet,2,1080.97
1230,2025-02-14,429,Celular,2,3166.79
1231,2025-01-30,687,Celular,3,862.83
1232,2025-01-29,377,Teclado,4,265.91
1233,2025-01-02,567,Tablet,1,3867.78
1234,2025-01-22,820,Monitor,3,1476.67
1235,2025-02-27,216,Celular,2,3324.36
1236,2025-01-23,198,Celular,5,664.94
1237,2025-02-18,653,Impressora,2,2709.75
1238,2025-02-05,92,Monitor,3,4449.49
1239,2025-01-31,12,Tablet,1,1195.82
1240,2025-02-03,694,Impressora,5,2297.59
1241,2025-02-18,470,Notebook,2,3496.29
1242,2025-01-05,667,Teclado,3,4029.29
1243,2025-01-23,466,Celular,4,4290.85
1244,2025-01-15,812,Impressora,3,2302.75
1245,2025-02-10,662,Notebook,1,4740.51
1246,2025-02-06,544,Notebook,3,693.85
1247,2025-01-23,938,Teclado,3,4585.61
1248,2025-01-08,441,Fone de Ouvido,1,1897.76
1249,2025-02-08,788,Notebook,1,3793.49
1250,2025-02-07,497,Notebook,3,975.68
1251,2025-02-28,769,Tablet,4,1925.7
1252,2025-01-07,700,Fone de Ouvido,3,1616.29
1253,2025-03-01,833,Tablet,2,2435.03
1254,2025-02-11,247,Mouse,3,3853.89
1255,2025-01-18,562,Impressora,2,797.36
1256,2025-02-20,505,Notebook,1,349.08
1257,2025-01-29,21,Tablet,3,3068.01
1258,2025-01-22,993,Celular,1,3648.49
1259,2025-02-28,826,Tablet,4,1925.7
1260,2025-02-28,472,Fone de Ouvido,2,3909.59
1261,2025-02-20,348,Notebook,1,349.08
1262,2025-01-08,57,Celular,3,4192.5
1263,2025-02-06,21,Notebook,3,693.85
1264,2025-02-04,999,Fone de Ouvido,5,941.84
1265,2025-03-01,409,Tablet,2,2435.03
1266,2025-01-13,408,Monitor,4,2247.9
1267,2025-01-06,894,Fone de Ouvido,1,4262.33
1268,2025-01-02,589,Tablet,3,4410.61
1269,2025-01-05,594,Teclado,3,4029.29
1270,2025-01-02,66,Celular,3,2059.08
1271,2025-02-16,441,Monitor,4,2666.58
1272,2025-01-22,650,Celular,1,3648.49
1273,2025-02-15,504,Notebook,2,4580.01
1274,2025-01-23,516,Teclado,3,4585.61
1275,2025-01-12,532,Impressora,4,1483.11
1276,2025-02-28,336,Fone de Ouvido,2,3909.59
1277,2025-02-14,509,Teclado,1,3468.42
1278,2025-02-11,561,Mouse,3,3853.89
1279,2025-01-16,546,Teclado,4,1757.96
1280,2025-01-30,335,Fone de Ouvido,2,2157.36
1281,2025-01-28,462,Notebook,4,3831.37
1282,2025-02-19,295,Teclado,5,329.01
1283,2025-02-07,571,Tablet,2,1080.97
1284,2025-01-21,543,Impressora,5,1481.28
1285,2025-01-08,150,Monitor,4,4707.03
1286,2025-01-21,164,Impressora,5,1481.28
1287,2025-01-28,438,Celular,1,4429.13
1288,2025-01-02,888,Tablet,1,3867.78
1289,2025-02-03,660,Fone de Ouvido,2,1439.79
1290,2025-01-23,787,Celular,4,4290.85
1291,2025-02-20,82,Notebook,1,349.08
1292,2025-01-27,673,Tablet,4,4583.67
1293,2025-02-14,696,Teclado,1,3468.42
1294,2025-01-25,477,Fone de Ouvido,1,3857.27
1295,2025-02-16,918,Monitor,4,2666.58
1296,2025-02-20,71,Teclado,1,1757.54
1297,2025-01-03,328,Teclado,3,1748.32
1298,2025-01-04,927,Tablet,4,3969.83
1299,2025-01-07,370,Teclado,4,71.89
1300,2025-01-15,375,Impressora,3,2302.75
1301,2025-02-28,727,Fone de Ouvido,2,3909.59
1302,2025-01-12,877,Tablet,2,4960.9
1303,2025-02-15,534,Notebook,2,4580.01
1304,2025-02-22,889,Monitor,4,2415.0
1305,2025-02-19,534,Tablet,3,3852.7
1306,2025-01-07,740,Teclado,4,71.89
1307,2025-01-25,214,Fone de Ouvido,1,3857.27
1308,2025-02-01,80,Tablet,5,866.08
1309,2025-01-24,899,Tablet,5,3342.96
1310,2025-01-07,996,Teclado,4,71.89
1311,2025-03-02,564,Celular,3,2214.71
1312,2025-01-08,84,Fone de Ouvido,1,1897.76
1313,2025-02-03,609,Impressora,5,2297.59
1314,2025-02-28,842,Fone de Ouvido,2,3909.59
1315,2025-02-04,803,Mouse,4,4242.7
1316,2025-01-07,432,Teclado,4,71.89
1317,2025-01-25,60,Fone de Ouvido,1,3857.27
1318,2025-02-28,752,Tablet,4,1925.7
1319,2025-01-05,737,Tablet,3,2178.28
1320,2025-03-01,831,Tablet,2,4728.44
1321,2025-01-01,207,Mouse,1,1928.99
1322,2025-01-29,978,Tablet,3,3068.01
1323,2025-01-23,403,Celular,4,4290.85
1324,2025-01-18,348,Monitor,5,716.76
1325,2025-02-20,99,Tablet,1,119.4
1326,2025-02-17,48,Impressora,4,4767.45
1327,2025-02-07,390,Teclado,4,2271.8
1328,2025-01-17,136,Fone de Ouvido,1,1021.43
1329,2025-01-15,43,Impressora,3,2302.75
1330,2025-01-07,974,Teclado,4,71.89
1331,2025-02-20,19,Impressora,3,3259.78
1332,2025-01-02,112,Impressora,5,480.71
1333,2025-01-17,508,Fone de Ouvido,1,1021.43
1334,2025-02-10,400,Tablet,5,4294.24
1335,2025-02-06,1,Notebook,3,693.85
1336,2025-01-05,435,Notebook,4,4476.56
1337,2025-01-03,261,Impressora,1,4177.95
1338,2025-02-28,672,Tablet,4,1925.7
1339,2025-02-10,372,Notebook,1,4740.51
1340,2025-01-13,700,Monitor,4,2247.9
1341,2025-02-15,142,Notebook,5,1671.7
1342,2025-02-03,513,Impressora,5,2297.59
1343,2025-01-01,126,Mouse,1,1928.99
1344,2025-01-30,250,Fone de Ouvido,2,2157.36
1345,2025-01-23,729,Celular,4,4290.85
1346,2025-02-28,60,Fone de Ouvido,2,3909.59
1347,2025-01-22,410,Notebook,4,4349.62
1348,2025-02-28,953,Tablet,4,1925.7
1349,2025-02-12,562,Impressora,2,4304.66
1350,2025-01-15,609,Impressora,3,2302.75
1351,2025-01-08,352,Celular,3,4192.5
1352,2025-02-21,890,Notebook,4,2682.12
1353,2025-02-07,767,Teclado,4,2271.8
1354,2025-01-19,685,Tablet,2,580.64
1355,2025-01-02,762,Celular,3,2059.08
1356,2025-02-20,513,Tablet,1,119.4
1357,2025-01-08,332,Monitor,4,4707.03
1358,2025-01-30,696,Celular,3,862.83
1359,2025-01-29,884,Tablet,3,3068.01
1360,2025-01-08,672,Celular,3,4192.5
1361,2025-02-03,426,Impressora,5,2297.59
1362,2025-02-07,110,Teclado,4,2271.8
1363,2025-01-12,613,Mouse,2,4983.78
1364,2025-02-19,809,Teclado,5,329.01
1365,2025-01-02,645,Impressora,5,480.71
1366,2025-02-12,735,Impressora,2,4304.66
1367,2025-02-17,124,Teclado,2,737.07
1368,2025-01-22,302,Celular,1,3648.49
1369,2025-01-25,868,Fone de Ouvido,1,875.4
1370,2025-01-03,809,Teclado,3,1748.32
1371,2025-01-29,77,Tablet,3,3068.01
1372,2025-02-03,737,Fone de Ouvido,2,1439.79
1373,2025-01-31,494,Tablet,1,1195.82
1374,2025-02-20,97,Notebook,1,349.08
1375,2025-01-25,587,Fone de Ouvido,1,875.4
1376,2025-01-23,147,Celular,4,4290.85
1377,2025-01-30,962,Celular,3,862.83
1378,2025-02-03,268,Impressora,5,2297.59
1379,2025-02-12,370,Impressora,2,4304.66
1380,2025-01-08,64,Monitor,4,4707.03
1381,2025-01-12,920,Impressora,4,1483.11
1382,2025-01-05,449,Tablet,3,2178.28
1383,2025-01-03,40,Teclado,3,1748.32
1384,2025-02-10,775,Notebook,1,4740.51
1385,2025-02-07,655,Teclado,4,2271.8
1386,2025-01-07,195,Fone de Ouvido,3,1616.29
1387,2025-02-10,98,Tablet,5,4294.24
1388,2025-01-23,543,Celular,5,664.94
1389,2025-02-05,535,Monitor,3,4449.49
1390,2025-02-20,87,Notebook,1,349.08
1391,2025-02-19,6,Tablet,3,3852.7
1392,2025-02-16,189,Impressora,1,3099.52
1393,2025-01-15,444,Fone de Ouvido,3,3441.19
1394,2025-01-08,359,Celular,3,4192.5
1395,2025-02-27,981,Monitor,4,1693.55
1396,2025-02-07,465,Tablet,2,1080.97
1397,2025-02-19,746,Teclado,5,329.01
1398,2025-01-02,622,Celular,3,2059.08
1399,2025-02-19,390,Teclado,5,329.01
1400,2025-01-04,692,Tablet,4,3969.83
1401,2025-02-07,449,Notebook,3,975.68
1402,2025-02-19,963,Tablet,3,3852.7
1403,2025-01-05,500,Notebook,4,4476.56
1404,2025-01-05,93,Notebook,4,4476.56
1405,2025-01-18,117,Impressora,2,797.36
1406,2025-01-15,699,Impressora,3,2302.75
1407,2025-01-29,746,Teclado,4,265.91
1408,2025-02-07,829,Tablet,2,1080.97
1409,2025-01-28,995,Notebook,4,3831.37
1410,2025-02-28,140,Tablet,4,1925.7
1411,2025-01-13,798,Monitor,4,2247.9
1412,2025-01-04,518,Notebook,3,1545.36
1413,2025-03-02,604,Celular,3,2214.71
1414,2025-02-08,245,Notebook,1,3793.49
1415,2025-01-28,481,Notebook,4,3831.37
1416,2025-01-25,104,Fone de Ouvido,1,875.4
1417,2025-01-29,535,Tablet,3,3068.01
1418,2025-01-24,411,Tablet,1,4533.21
1419,2025-03-02,182,Celular,3,2214.71
1420,2025-02-18,230,Impressora,2,2709.75
1421,2025-02-05,172,Monitor,3,4449.49
1422,2025-01-30,706,Fone de Ouvido,2,2157.36
1423,2025-01-01,567,Mouse,1,1928.99
1424,2025-01-05,848,Teclado,3,4029.29
1425,2025-01-06,543,Teclado,1,2750.62
1426,2025-01-02,571,Tablet,3,4410.61
1427,2025-02-02,437,Tablet,3,2513.17
1428,2025-01-08,177,Impressora,2,4436.93
1429,2025-01-08,648,Fone de Ouvido,1,1897.76
1430,2025-01-27,632,Tablet,4,4583.67
1431,2025-02-01,720,Tablet,5,866.08
1432,2025-01-02,782,Celular,3,2059.08
1433,2025-01-17,97,Fone de Ouvido,1,1021.43
1434,2025-02-03,509,Fone de Ouvido,2,1439.79
1435,2025-01-29,411,Tablet,3,3068.01
1436,2025-01-05,595,Tablet,3,2178.28
1437,2025-02-01,287,Tablet,5,866.08
1438,2025-02-01,565,Tablet,5,866.08
1439,2025-02-16,681,Impressora,1,3099.52
1440,2025-01-05,238,Teclado,3,4029.29
1441,2025-02-06,516,Notebook,3,693.85
1442,2025-02-15,490,Notebook,5,1671.7
1443,2025-02-14,722,Teclado,1,3468.42
1444,2025-01-06,488,Fone de Ouvido,1,4262.33
1445,2025-01-12,172,Tablet,2,4960.9
1446,2025-01-22,258,Notebook,4,4349.62
1447,2025-02-15,537,Notebook,2,4580.01
1448,2025-02-26,402,Mouse,1,3163.66
1449,2025-01-15,211,Impressora,3,2302.75
1450,2025-01-06,937,Teclado,1,2750.62
1451,2025-01-29,201,Tablet,3,3068.01
1452,2025-02-05,218,Monitor,3,4449.49
1453,2025-01-16,283,Teclado,4,1757.96
1454,2025-02-20,986,Teclado,1,1757.54
1455,2025-01-03,77,Impressora,1,4177.95
1456,2025-02-19,906,Tablet,3,3852.7
1457,2025-02-12,865,Celular,1,1379.42
1458,2025-02-27,975,Celular,2,3324.36
1459,2025-01-23,476,Teclado,3,4585.61
1460,2025-01-30,414,Fone de Ouvido,2,2157.36
1461,2025-01-08,884,Monitor,4,4707.03
1462,2025-01-28,365,Celular,1,4429.13
1463,2025-02-05,46,Monitor,3,4449.49
1464,2025-02-14,499,Teclado,1,3468.42
1465,2025-01-22,315,Monitor,3,1476.67
1466,2025-01-29,350,Tablet,3,3068.01
1467,2025-01-08,491,Fone de Ouvido,1,1897.76
1468,2025-02-19,125,Tablet,3,3852.7
1469,2025-02-04,328,Fone de Ouvido,3,3464.06
1470,2025-01-22,36,Celular,1,3648.49
1471,2025-02-18,616,Notebook,2,3496.29
1472,2025-02-26,169,Notebook,2,155.81
1473,2025-01-21,84,Impressora,5,1481.28
1474,2025-02-06,356,Notebook,3,693.85
1475,2025-01-06,760,Teclado,1,2750.62
1476,2025-01-24,358,Tablet,1,4533.21
1477,2025-01-02,459,Tablet,3,4410.61
1478,2025-01-25,96,Fone de Ouvido,1,3857.27
1479,2025-01-19,565,Tablet,2,580.64
1480,2025-02-20,263,Impressora,3,3259.78
1481,2025-01-28,19,Celular,1,4429.13
1482,2025-02-15,398,Notebook,2,4580.01
1483,2025-02-19,857,Tablet,3,3852.7
1484,2025-02-03,40,Impressora,5,2297.59
1485,2025-02-17,93,Impressora,4,4767.45
1486,2025-01-07,51,Fone de Ouvido,3,1616.29
1487,2025-02-27,294,Notebook,1,2755.59
1488,2025-01-28,587,Notebook,4,3831.37
1489,2025-02-20,230,Notebook,1,349.08
1490,2025-02-17,399,Teclado,2,737.07
1491,2025-01-23,159,Celular,4,4290.85
1492,2025-01-02,586,Tablet,3,4410.61
1493,2025-01-18,974,Impressora,2,797.36
1494,2025-02-15,946,Notebook,2,4580.01
1495,2025-01-15,151,Impressora,3,2302.75
1496,2025-03-01,295,Tablet,2,2435.03
1497,2025-02-08,346,Notebook,1,3793.49
1498,2025-02-06,96,Notebook,3,693.85
1499,2025-02-08,555,Notebook,1,3793.49
1500,2025-01-18,103,Impressora,2,797.36
